date,nav,scheme_code,fund_house,scheme_category,scheme_name
2013-01-02,10.898,119208,Morgan Stanley Mutual Fund,Income,Morgan Stanley Multi Asset Fund- Plan A - Direct Growth Plan
2013-01-03,10.9162,119208,Morgan Stanley Mutual Fund,Income,Morgan Stanley Multi Asset Fund- Plan A - Direct Growth Plan
2013-01-04,10.9471,119208,Morgan Stanley Mutual Fund,Income,Morgan Stanley Multi Asset Fund- Plan A - Direct Growth Plan
2013-01-07,10.9647,119208,Morgan Stanley Mutual Fund,Income,Morgan Stanley Multi Asset Fund- Plan A - Direct Growth Plan
2013-01-08,10.9694,119208,Morgan Stanley Mutual Fund,Income,Morgan Stanley Multi Asset Fund- Plan A - Direct Growth Plan
2013-01-09,10.9655,119208,Morgan Stanley Mutual Fund,Income,Morgan Stanley Multi Asset Fund- Plan A - Direct Growth Plan
2013-01-10,10.9849,119208,Morgan Stanley Mutual Fund,Income,Morgan Stanley Multi Asset Fund- Plan A - Direct Growth Plan
2013-01-11,10.9749,119208,Morgan Stanley Mutual Fund,Income,Morgan Stanley Multi Asset Fund- Plan A - Direct Growth Plan
2013-01-14,11.0354,119208,Morgan Stanley Mutual Fund,Income,Morgan Stanley Multi Asset Fund- Plan A - Direct Growth Plan
2013-01-15,11.0381,119208,Morgan Stanley Mutual Fund,Income,Morgan Stanley Multi Asset Fund- Plan A - Direct Growth Plan
2013-01-16,10.9963,119208,Morgan Stanley Mutual Fund,Income,Morgan Stanley Multi Asset Fund- Plan A - Direct Growth Plan
2013-01-17,11.0284,119208,Morgan Stanley Mutual Fund,Income,Morgan Stanley Multi Asset Fund- Plan A - Direct Growth Plan
2013-01-18,11.0457,119208,Morgan Stanley Mutual Fund,Income,Morgan Stanley Multi Asset Fund- Plan A - Direct Growth Plan
2013-01-21,11.0438,119208,Morgan Stanley Mutual Fund,Income,Morgan Stanley Multi Asset Fund- Plan A - Direct Growth Plan
2013-01-22,11.0364,119208,Morgan Stanley Mutual Fund,Income,Morgan Stanley Multi Asset Fund- Plan A - Direct Growth Plan
2013-01-23,11.0243,119208,Morgan Stanley Mutual Fund,Income,Morgan Stanley Multi Asset Fund- Plan A - Direct Growth Plan
2013-01-24,11.0062,119208,Morgan Stanley Mutual Fund,Income,Morgan Stanley Multi Asset Fund- Plan A - Direct Growth Plan
2013-01-28,11.0391,119208,Morgan Stanley Mutual Fund,Income,Morgan Stanley Multi Asset Fund- Plan A - Direct Growth Plan
2013-01-29,11.0361,119208,Morgan Stanley Mutual Fund,Income,Morgan Stanley Multi Asset Fund- Plan A - Direct Growth Plan
2013-01-30,11.0161,119208,Morgan Stanley Mutual Fund,Income,Morgan Stanley Multi Asset Fund- Plan A - Direct Growth Plan
2013-01-31,11.012,119208,Morgan Stanley Mutual Fund,Income,Morgan Stanley Multi Asset Fund- Plan A - Direct Growth Plan
2013-02-01,11.0077,119208,Morgan Stanley Mutual Fund,Income,Morgan Stanley Multi Asset Fund- Plan A - Direct Growth Plan
2013-02-04,10.9918,119208,Morgan Stanley Mutual Fund,Income,Morgan Stanley Multi Asset Fund- Plan A - Direct Growth Plan
2013-02-05,10.9845,119208,Morgan Stanley Mutual Fund,Income,Morgan Stanley Multi Asset Fund- Plan A - Direct Growth Plan
2013-02-06,10.9928,119208,Morgan Stanley Mutual Fund,Income,Morgan Stanley Multi Asset Fund- Plan A - Direct Growth Plan
2013-02-07,11.0031,119208,Morgan Stanley Mutual Fund,Income,Morgan Stanley Multi Asset Fund- Plan A - Direct Growth Plan
2013-02-08,11.0032,119208,Morgan Stanley Mutual Fund,Income,Morgan Stanley Multi Asset Fund- Plan A - Direct Growth Plan
2013-02-11,11.0022,119208,Morgan Stanley Mutual Fund,Income,Morgan Stanley Multi Asset Fund- Plan A - Direct Growth Plan
2013-02-12,11.0101,119208,Morgan Stanley Mutual Fund,Income,Morgan Stanley Multi Asset Fund- Plan A - Direct Growth Plan
2013-02-13,11.029,119208,Morgan Stanley Mutual Fund,Income,Morgan Stanley Multi Asset Fund- Plan A - Direct Growth Plan
2013-02-14,11.0254,119208,Morgan Stanley Mutual Fund,Income,Morgan Stanley Multi Asset Fund- Plan A - Direct Growth Plan
2013-02-15,11.0128,119208,Morgan Stanley Mutual Fund,Income,Morgan Stanley Multi Asset Fund- Plan A - Direct Growth Plan
2013-02-18,11.0155,119208,Morgan Stanley Mutual Fund,Income,Morgan Stanley Multi Asset Fund- Plan A - Direct Growth Plan
2013-02-20,11.0402,119208,Morgan Stanley Mutual Fund,Income,Morgan Stanley Multi Asset Fund- Plan A - Direct Growth Plan
2013-02-21,11.0054,119208,Morgan Stanley Mutual Fund,Income,Morgan Stanley Multi Asset Fund- Plan A - Direct Growth Plan
2013-02-22,11.0041,119208,Morgan Stanley Mutual Fund,Income,Morgan Stanley Multi Asset Fund- Plan A - Direct Growth Plan
2013-02-25,11.0094,119208,Morgan Stanley Mutual Fund,Income,Morgan Stanley Multi Asset Fund- Plan A - Direct Growth Plan
2013-02-26,10.9812,119208,Morgan Stanley Mutual Fund,Income,Morgan Stanley Multi Asset Fund- Plan A - Direct Growth Plan
2013-02-27,10.9924,119208,Morgan Stanley Mutual Fund,Income,Morgan Stanley Multi Asset Fund- Plan A - Direct Growth Plan
2013-02-28,10.9478,119208,Morgan Stanley Mutual Fund,Income,Morgan Stanley Multi Asset Fund- Plan A - Direct Growth Plan
2013-03-01,10.9464,119208,Morgan Stanley Mutual Fund,Income,Morgan Stanley Multi Asset Fund- Plan A - Direct Growth Plan
2013-03-04,10.9471,119208,Morgan Stanley Mutual Fund,Income,Morgan Stanley Multi Asset Fund- Plan A - Direct Growth Plan
2013-03-05,10.9799,119208,Morgan Stanley Mutual Fund,Income,Morgan Stanley Multi Asset Fund- Plan A - Direct Growth Plan
2013-03-06,11.0064,119208,Morgan Stanley Mutual Fund,Income,Morgan Stanley Multi Asset Fund- Plan A - Direct Growth Plan
2013-03-07,11.0224,119208,Morgan Stanley Mutual Fund,Income,Morgan Stanley Multi Asset Fund- Plan A - Direct Growth Plan
2013-03-08,11.0524,119208,Morgan Stanley Mutual Fund,Income,Morgan Stanley Multi Asset Fund- Plan A - Direct Growth Plan
2013-03-11,11.057,119208,Morgan Stanley Mutual Fund,Income,Morgan Stanley Multi Asset Fund- Plan A - Direct Growth Plan
2013-03-12,11.0396,119208,Morgan Stanley Mutual Fund,Income,Morgan Stanley Multi Asset Fund- Plan A - Direct Growth Plan
2013-03-13,11.0162,119208,Morgan Stanley Mutual Fund,Income,Morgan Stanley Multi Asset Fund- Plan A - Direct Growth Plan
2013-03-14,11.0516,119208,Morgan Stanley Mutual Fund,Income,Morgan Stanley Multi Asset Fund- Plan A - Direct Growth Plan
2013-03-15,11.0599,119208,Morgan Stanley Mutual Fund,Income,Morgan Stanley Multi Asset Fund- Plan A - Direct Growth Plan
2013-03-18,11.046,119208,Morgan Stanley Mutual Fund,Income,Morgan Stanley Multi Asset Fund- Plan A - Direct Growth Plan
2013-03-19,11.0007,119208,Morgan Stanley Mutual Fund,Income,Morgan Stanley Multi Asset Fund- Plan A - Direct Growth Plan
2013-03-20,10.9836,119208,Morgan Stanley Mutual Fund,Income,Morgan Stanley Multi Asset Fund- Plan A - Direct Growth Plan
2013-03-21,10.9775,119208,Morgan Stanley Mutual Fund,Income,Morgan Stanley Multi Asset Fund- Plan A - Direct Growth Plan
2013-03-22,10.9665,119208,Morgan Stanley Mutual Fund,Income,Morgan Stanley Multi Asset Fund- Plan A - Direct Growth Plan
2013-03-25,10.9694,119208,Morgan Stanley Mutual Fund,Income,Morgan Stanley Multi Asset Fund- Plan A - Direct Growth Plan
2013-03-26,10.9823,119208,Morgan Stanley Mutual Fund,Income,Morgan Stanley Multi Asset Fund- Plan A - Direct Growth Plan
2013-03-28,11.0158,119208,Morgan Stanley Mutual Fund,Income,Morgan Stanley Multi Asset Fund- Plan A - Direct Growth Plan
2013-04-02,11.0526,119208,Morgan Stanley Mutual Fund,Income,Morgan Stanley Multi Asset Fund- Plan A - Direct Growth Plan
2013-04-03,11.0475,119208,Morgan Stanley Mutual Fund,Income,Morgan Stanley Multi Asset Fund- Plan A - Direct Growth Plan
2013-04-04,11.0223,119208,Morgan Stanley Mutual Fund,Income,Morgan Stanley Multi Asset Fund- Plan A - Direct Growth Plan
2013-04-05,11.0325,119208,Morgan Stanley Mutual Fund,Income,Morgan Stanley Multi Asset Fund- Plan A - Direct Growth Plan
2013-04-08,11.0394,119208,Morgan Stanley Mutual Fund,Income,Morgan Stanley Multi Asset Fund- Plan A - Direct Growth Plan
2013-04-09,11.0273,119208,Morgan Stanley Mutual Fund,Income,Morgan Stanley Multi Asset Fund- Plan A - Direct Growth Plan
2013-04-10,11.0438,119208,Morgan Stanley Mutual Fund,Income,Morgan Stanley Multi Asset Fund- Plan A - Direct Growth Plan
2013-04-12,11.0391,119208,Morgan Stanley Mutual Fund,Income,Morgan Stanley Multi Asset Fund- Plan A - Direct Growth Plan
2013-04-15,11.0729,119208,Morgan Stanley Mutual Fund,Income,Morgan Stanley Multi Asset Fund- Plan A - Direct Growth Plan
2013-04-16,11.1266,119208,Morgan Stanley Mutual Fund,Income,Morgan Stanley Multi Asset Fund- Plan A - Direct Growth Plan
2013-04-17,11.1406,119208,Morgan Stanley Mutual Fund,Income,Morgan Stanley Multi Asset Fund- Plan A - Direct Growth Plan
2013-04-18,11.1935,119208,Morgan Stanley Mutual Fund,Income,Morgan Stanley Multi Asset Fund- Plan A - Direct Growth Plan
2013-04-22,11.2187,119208,Morgan Stanley Mutual Fund,Income,Morgan Stanley Multi Asset Fund- Plan A - Direct Growth Plan
2013-04-23,11.2269,119208,Morgan Stanley Mutual Fund,Income,Morgan Stanley Multi Asset Fund- Plan A - Direct Growth Plan
2013-04-25,11.2548,119208,Morgan Stanley Mutual Fund,Income,Morgan Stanley Multi Asset Fund- Plan A - Direct Growth Plan
2013-04-26,11.2541,119208,Morgan Stanley Mutual Fund,Income,Morgan Stanley Multi Asset Fund- Plan A - Direct Growth Plan
2013-04-29,11.2716,119208,Morgan Stanley Mutual Fund,Income,Morgan Stanley Multi Asset Fund- Plan A - Direct Growth Plan
2013-04-30,11.2936,119208,Morgan Stanley Mutual Fund,Income,Morgan Stanley Multi Asset Fund- Plan A - Direct Growth Plan
2013-05-02,11.3208,119208,Morgan Stanley Mutual Fund,Income,Morgan Stanley Multi Asset Fund- Plan A - Direct Growth Plan
2013-05-03,11.3029,119208,Morgan Stanley Mutual Fund,Income,Morgan Stanley Multi Asset Fund- Plan A - Direct Growth Plan
2013-05-06,11.3201,119208,Morgan Stanley Mutual Fund,Income,Morgan Stanley Multi Asset Fund- Plan A - Direct Growth Plan
2013-05-07,11.3649,119208,Morgan Stanley Mutual Fund,Income,Morgan Stanley Multi Asset Fund- Plan A - Direct Growth Plan
2013-05-08,11.4051,119208,Morgan Stanley Mutual Fund,Income,Morgan Stanley Multi Asset Fund- Plan A - Direct Growth Plan
2013-05-09,11.4265,119208,Morgan Stanley Mutual Fund,Income,Morgan Stanley Multi Asset Fund- Plan A - Direct Growth Plan
2013-05-10,11.4662,119208,Morgan Stanley Mutual Fund,Income,Morgan Stanley Multi Asset Fund- Plan A - Direct Growth Plan
2013-05-13,11.4576,119208,Morgan Stanley Mutual Fund,Income,Morgan Stanley Multi Asset Fund- Plan A - Direct Growth Plan
2013-05-14,11.5265,119208,Morgan Stanley Mutual Fund,Income,Morgan Stanley Multi Asset Fund- Plan A - Direct Growth Plan
2013-05-15,11.6077,119208,Morgan Stanley Mutual Fund,Income,Morgan Stanley Multi Asset Fund- Plan A - Direct Growth Plan
2013-05-16,11.6499,119208,Morgan Stanley Mutual Fund,Income,Morgan Stanley Multi Asset Fund- Plan A - Direct Growth Plan
2013-05-17,11.6492,119208,Morgan Stanley Mutual Fund,Income,Morgan Stanley Multi Asset Fund- Plan A - Direct Growth Plan
2013-05-20,11.6438,119208,Morgan Stanley Mutual Fund,Income,Morgan Stanley Multi Asset Fund- Plan A - Direct Growth Plan
2013-05-21,11.6425,119208,Morgan Stanley Mutual Fund,Income,Morgan Stanley Multi Asset Fund- Plan A - Direct Growth Plan
2013-05-22,11.6361,119208,Morgan Stanley Mutual Fund,Income,Morgan Stanley Multi Asset Fund- Plan A - Direct Growth Plan
2013-05-23,11.587,119208,Morgan Stanley Mutual Fund,Income,Morgan Stanley Multi Asset Fund- Plan A - Direct Growth Plan
2013-05-24,11.6223,119208,Morgan Stanley Mutual Fund,Income,Morgan Stanley Multi Asset Fund- Plan A - Direct Growth Plan
2013-05-27,11.6545,119208,Morgan Stanley Mutual Fund,Income,Morgan Stanley Multi Asset Fund- Plan A - Direct Growth Plan
2013-05-28,11.6687,119208,Morgan Stanley Mutual Fund,Income,Morgan Stanley Multi Asset Fund- Plan A - Direct Growth Plan
2013-05-29,11.6454,119208,Morgan Stanley Mutual Fund,Income,Morgan Stanley Multi Asset Fund- Plan A - Direct Growth Plan
2013-05-30,11.6507,119208,Morgan Stanley Mutual Fund,Income,Morgan Stanley Multi Asset Fund- Plan A - Direct Growth Plan
2013-05-31,11.5921,119208,Morgan Stanley Mutual Fund,Income,Morgan Stanley Multi Asset Fund- Plan A - Direct Growth Plan
2013-06-03,11.5952,119208,Morgan Stanley Mutual Fund,Income,Morgan Stanley Multi Asset Fund- Plan A - Direct Growth Plan
2013-06-04,11.6041,119208,Morgan Stanley Mutual Fund,Income,Morgan Stanley Multi Asset Fund- Plan A - Direct Growth Plan
2013-06-05,11.6084,119208,Morgan Stanley Mutual Fund,Income,Morgan Stanley Multi Asset Fund- Plan A - Direct Growth Plan
2013-06-06,11.6063,119208,Morgan Stanley Mutual Fund,Income,Morgan Stanley Multi Asset Fund- Plan A - Direct Growth Plan
2013-06-07,11.5905,119208,Morgan Stanley Mutual Fund,Income,Morgan Stanley Multi Asset Fund- Plan A - Direct Growth Plan
2013-06-10,11.5683,119208,Morgan Stanley Mutual Fund,Income,Morgan Stanley Multi Asset Fund- Plan A - Direct Growth Plan
2013-06-11,11.5117,119208,Morgan Stanley Mutual Fund,Income,Morgan Stanley Multi Asset Fund- Plan A - Direct Growth Plan
2013-06-12,11.491,119208,Morgan Stanley Mutual Fund,Income,Morgan Stanley Multi Asset Fund- Plan A - Direct Growth Plan
2013-06-13,11.4829,119208,Morgan Stanley Mutual Fund,Income,Morgan Stanley Multi Asset Fund- Plan A - Direct Growth Plan
2013-06-14,11.5167,119208,Morgan Stanley Mutual Fund,Income,Morgan Stanley Multi Asset Fund- Plan A - Direct Growth Plan
2013-06-17,11.5469,119208,Morgan Stanley Mutual Fund,Income,Morgan Stanley Multi Asset Fund- Plan A - Direct Growth Plan
2013-06-18,11.54,119208,Morgan Stanley Mutual Fund,Income,Morgan Stanley Multi Asset Fund- Plan A - Direct Growth Plan
2013-06-19,11.5448,119208,Morgan Stanley Mutual Fund,Income,Morgan Stanley Multi Asset Fund- Plan A - Direct Growth Plan
2013-06-20,11.4372,119208,Morgan Stanley Mutual Fund,Income,Morgan Stanley Multi Asset Fund- Plan A - Direct Growth Plan
2013-06-21,11.4394,119208,Morgan Stanley Mutual Fund,Income,Morgan Stanley Multi Asset Fund- Plan A - Direct Growth Plan
2013-06-24,11.3913,119208,Morgan Stanley Mutual Fund,Income,Morgan Stanley Multi Asset Fund- Plan A - Direct Growth Plan
2013-06-25,11.3777,119208,Morgan Stanley Mutual Fund,Income,Morgan Stanley Multi Asset Fund- Plan A - Direct Growth Plan
2013-06-26,11.3527,119208,Morgan Stanley Mutual Fund,Income,Morgan Stanley Multi Asset Fund- Plan A - Direct Growth Plan
2013-06-27,11.3875,119208,Morgan Stanley Mutual Fund,Income,Morgan Stanley Multi Asset Fund- Plan A - Direct Growth Plan
2013-06-28,11.4865,119208,Morgan Stanley Mutual Fund,Income,Morgan Stanley Multi Asset Fund- Plan A - Direct Growth Plan
2013-07-02,11.4863,119208,Morgan Stanley Mutual Fund,Income,Morgan Stanley Multi Asset Fund- Plan A - Direct Growth Plan
2013-07-03,11.437,119208,Morgan Stanley Mutual Fund,Income,Morgan Stanley Multi Asset Fund- Plan A - Direct Growth Plan
2013-07-04,11.4824,119208,Morgan Stanley Mutual Fund,Income,Morgan Stanley Multi Asset Fund- Plan A - Direct Growth Plan
2013-07-05,11.4762,119208,Morgan Stanley Mutual Fund,Income,Morgan Stanley Multi Asset Fund- Plan A - Direct Growth Plan
2013-07-08,11.4426,119208,Morgan Stanley Mutual Fund,Income,Morgan Stanley Multi Asset Fund- Plan A - Direct Growth Plan
2013-07-09,11.4554,119208,Morgan Stanley Mutual Fund,Income,Morgan Stanley Multi Asset Fund- Plan A - Direct Growth Plan
2013-07-10,11.4531,119208,Morgan Stanley Mutual Fund,Income,Morgan Stanley Multi Asset Fund- Plan A - Direct Growth Plan
2013-07-11,11.4969,119208,Morgan Stanley Mutual Fund,Income,Morgan Stanley Multi Asset Fund- Plan A - Direct Growth Plan
2013-07-12,11.5225,119208,Morgan Stanley Mutual Fund,Income,Morgan Stanley Multi Asset Fund- Plan A - Direct Growth Plan
2013-07-15,11.5217,119208,Morgan Stanley Mutual Fund,Income,Morgan Stanley Multi Asset Fund- Plan A - Direct Growth Plan
2013-07-16,11.3154,119208,Morgan Stanley Mutual Fund,Income,Morgan Stanley Multi Asset Fund- Plan A - Direct Growth Plan
2013-07-17,11.3196,119208,Morgan Stanley Mutual Fund,Income,Morgan Stanley Multi Asset Fund- Plan A - Direct Growth Plan
2013-07-18,11.371,119208,Morgan Stanley Mutual Fund,Income,Morgan Stanley Multi Asset Fund- Plan A - Direct Growth Plan
2013-07-19,11.4253,119208,Morgan Stanley Mutual Fund,Income,Morgan Stanley Multi Asset Fund- Plan A - Direct Growth Plan
2013-07-22,11.4006,119208,Morgan Stanley Mutual Fund,Income,Morgan Stanley Multi Asset Fund- Plan A - Direct Growth Plan
2013-07-23,11.3571,119208,Morgan Stanley Mutual Fund,Income,Morgan Stanley Multi Asset Fund- Plan A - Direct Growth Plan
2013-07-24,11.2884,119208,Morgan Stanley Mutual Fund,Income,Morgan Stanley Multi Asset Fund- Plan A - Direct Growth Plan
2013-07-25,11.3313,119208,Morgan Stanley Mutual Fund,Income,Morgan Stanley Multi Asset Fund- Plan A - Direct Growth Plan
2013-07-26,11.3479,119208,Morgan Stanley Mutual Fund,Income,Morgan Stanley Multi Asset Fund- Plan A - Direct Growth Plan
2013-07-29,11.3413,119208,Morgan Stanley Mutual Fund,Income,Morgan Stanley Multi Asset Fund- Plan A - Direct Growth Plan
2013-07-30,11.2897,119208,Morgan Stanley Mutual Fund,Income,Morgan Stanley Multi Asset Fund- Plan A - Direct Growth Plan
2013-07-31,11.325,119208,Morgan Stanley Mutual Fund,Income,Morgan Stanley Multi Asset Fund- Plan A - Direct Growth Plan
2013-08-01,11.3466,119208,Morgan Stanley Mutual Fund,Income,Morgan Stanley Multi Asset Fund- Plan A - Direct Growth Plan
2013-08-02,11.283,119208,Morgan Stanley Mutual Fund,Income,Morgan Stanley Multi Asset Fund- Plan A - Direct Growth Plan
2013-08-05,11.3207,119208,Morgan Stanley Mutual Fund,Income,Morgan Stanley Multi Asset Fund- Plan A - Direct Growth Plan
2013-08-06,11.2994,119208,Morgan Stanley Mutual Fund,Income,Morgan Stanley Multi Asset Fund- Plan A - Direct Growth Plan
2013-08-07,11.3119,119208,Morgan Stanley Mutual Fund,Income,Morgan Stanley Multi Asset Fund- Plan A - Direct Growth Plan
2013-08-08,11.3283,119208,Morgan Stanley Mutual Fund,Income,Morgan Stanley Multi Asset Fund- Plan A - Direct Growth Plan
2013-08-12,11.2817,119208,Morgan Stanley Mutual Fund,Income,Morgan Stanley Multi Asset Fund- Plan A - Direct Growth Plan
2013-08-13,11.2934,119208,Morgan Stanley Mutual Fund,Income,Morgan Stanley Multi Asset Fund- Plan A - Direct Growth Plan
2013-08-14,11.2812,119208,Morgan Stanley Mutual Fund,Income,Morgan Stanley Multi Asset Fund- Plan A - Direct Growth Plan
2013-08-16,11.1661,119208,Morgan Stanley Mutual Fund,Income,Morgan Stanley Multi Asset Fund- Plan A - Direct Growth Plan
2013-08-19,11.0884,119208,Morgan Stanley Mutual Fund,Income,Morgan Stanley Multi Asset Fund- Plan A - Direct Growth Plan
2013-08-20,11.1268,119208,Morgan Stanley Mutual Fund,Income,Morgan Stanley Multi Asset Fund- Plan A - Direct Growth Plan
2013-08-21,11.1615,119208,Morgan Stanley Mutual Fund,Income,Morgan Stanley Multi Asset Fund- Plan A - Direct Growth Plan
2013-08-22,11.2401,119208,Morgan Stanley Mutual Fund,Income,Morgan Stanley Multi Asset Fund- Plan A - Direct Growth Plan
2013-08-23,11.2824,119208,Morgan Stanley Mutual Fund,Income,Morgan Stanley Multi Asset Fund- Plan A - Direct Growth Plan
2013-08-26,11.2742,119208,Morgan Stanley Mutual Fund,Income,Morgan Stanley Multi Asset Fund- Plan A - Direct Growth Plan
2013-08-27,11.1146,119208,Morgan Stanley Mutual Fund,Income,Morgan Stanley Multi Asset Fund- Plan A - Direct Growth Plan
2013-08-28,11.0721,119208,Morgan Stanley Mutual Fund,Income,Morgan Stanley Multi Asset Fund- Plan A - Direct Growth Plan
2013-08-29,11.1621,119208,Morgan Stanley Mutual Fund,Income,Morgan Stanley Multi Asset Fund- Plan A - Direct Growth Plan
2013-08-30,11.2115,119208,Morgan Stanley Mutual Fund,Income,Morgan Stanley Multi Asset Fund- Plan A - Direct Growth Plan
2013-09-02,11.3231,119208,Morgan Stanley Mutual Fund,Income,Morgan Stanley Multi Asset Fund- Plan A - Direct Growth Plan
2013-09-03,11.2276,119208,Morgan Stanley Mutual Fund,Income,Morgan Stanley Multi Asset Fund- Plan A - Direct Growth Plan
2013-09-04,11.3247,119208,Morgan Stanley Mutual Fund,Income,Morgan Stanley Multi Asset Fund- Plan A - Direct Growth Plan
2013-09-05,11.3262,119208,Morgan Stanley Mutual Fund,Income,Morgan Stanley Multi Asset Fund- Plan A - Direct Growth Plan
2013-09-06,11.2588,119208,Morgan Stanley Mutual Fund,Income,Morgan Stanley Multi Asset Fund- Plan A - Direct Growth Plan
2013-09-10,11.3354,119208,Morgan Stanley Mutual Fund,Income,Morgan Stanley Multi Asset Fund- Plan A - Direct Growth Plan
2013-09-11,11.3263,119208,Morgan Stanley Mutual Fund,Income,Morgan Stanley Multi Asset Fund- Plan A - Direct Growth Plan
2013-09-12,11.2978,119208,Morgan Stanley Mutual Fund,Income,Morgan Stanley Multi Asset Fund- Plan A - Direct Growth Plan
2013-09-13,11.2912,119208,Morgan Stanley Mutual Fund,Income,Morgan Stanley Multi Asset Fund- Plan A - Direct Growth Plan
2013-09-16,11.3021,119208,Morgan Stanley Mutual Fund,Income,Morgan Stanley Multi Asset Fund- Plan A - Direct Growth Plan
2013-09-17,11.3209,119208,Morgan Stanley Mutual Fund,Income,Morgan Stanley Multi Asset Fund- Plan A - Direct Growth Plan
2013-09-18,11.3734,119208,Morgan Stanley Mutual Fund,Income,Morgan Stanley Multi Asset Fund- Plan A - Direct Growth Plan
2013-09-19,11.4943,119208,Morgan Stanley Mutual Fund,Income,Morgan Stanley Multi Asset Fund- Plan A - Direct Growth Plan
2013-09-20,11.3076,119208,Morgan Stanley Mutual Fund,Income,Morgan Stanley Multi Asset Fund- Plan A - Direct Growth Plan
2013-09-23,11.1917,119208,Morgan Stanley Mutual Fund,Income,Morgan Stanley Multi Asset Fund- Plan A - Direct Growth Plan
2013-09-24,11.1856,119208,Morgan Stanley Mutual Fund,Income,Morgan Stanley Multi Asset Fund- Plan A - Direct Growth Plan
2013-09-25,11.1921,119208,Morgan Stanley Mutual Fund,Income,Morgan Stanley Multi Asset Fund- Plan A - Direct Growth Plan
2013-09-26,11.2284,119208,Morgan Stanley Mutual Fund,Income,Morgan Stanley Multi Asset Fund- Plan A - Direct Growth Plan
2013-09-27,11.2225,119208,Morgan Stanley Mutual Fund,Income,Morgan Stanley Multi Asset Fund- Plan A - Direct Growth Plan
2013-09-30,11.1998,119208,Morgan Stanley Mutual Fund,Income,Morgan Stanley Multi Asset Fund- Plan A - Direct Growth Plan
2013-10-01,11.2338,119208,Morgan Stanley Mutual Fund,Income,Morgan Stanley Multi Asset Fund- Plan A - Direct Growth Plan
2013-10-03,11.3134,119208,Morgan Stanley Mutual Fund,Income,Morgan Stanley Multi Asset Fund- Plan A - Direct Growth Plan
2013-10-04,11.3389,119208,Morgan Stanley Mutual Fund,Income,Morgan Stanley Multi Asset Fund- Plan A - Direct Growth Plan
2013-10-07,11.3365,119208,Morgan Stanley Mutual Fund,Income,Morgan Stanley Multi Asset Fund- Plan A - Direct Growth Plan
2013-10-08,11.4418,119208,Morgan Stanley Mutual Fund,Income,Morgan Stanley Multi Asset Fund- Plan A - Direct Growth Plan
2013-10-09,11.4745,119208,Morgan Stanley Mutual Fund,Income,Morgan Stanley Multi Asset Fund- Plan A - Direct Growth Plan
2013-10-10,11.489,119208,Morgan Stanley Mutual Fund,Income,Morgan Stanley Multi Asset Fund- Plan A - Direct Growth Plan
2013-10-11,11.4709,119208,Morgan Stanley Mutual Fund,Income,Morgan Stanley Multi Asset Fund- Plan A - Direct Growth Plan
2013-10-14,11.4386,119208,Morgan Stanley Mutual Fund,Income,Morgan Stanley Multi Asset Fund- Plan A - Direct Growth Plan
2013-10-15,11.3876,119208,Morgan Stanley Mutual Fund,Income,Morgan Stanley Multi Asset Fund- Plan A - Direct Growth Plan
2013-10-17,11.401,119208,Morgan Stanley Mutual Fund,Income,Morgan Stanley Multi Asset Fund- Plan A - Direct Growth Plan
2013-10-18,11.4584,119208,Morgan Stanley Mutual Fund,Income,Morgan Stanley Multi Asset Fund- Plan A - Direct Growth Plan
2013-10-21,11.4217,119208,Morgan Stanley Mutual Fund,Income,Morgan Stanley Multi Asset Fund- Plan A - Direct Growth Plan
2013-10-22,11.4236,119208,Morgan Stanley Mutual Fund,Income,Morgan Stanley Multi Asset Fund- Plan A - Direct Growth Plan
2013-10-23,11.42,119208,Morgan Stanley Mutual Fund,Income,Morgan Stanley Multi Asset Fund- Plan A - Direct Growth Plan
2013-10-24,11.4249,119208,Morgan Stanley Mutual Fund,Income,Morgan Stanley Multi Asset Fund- Plan A - Direct Growth Plan
2013-10-25,11.423,119208,Morgan Stanley Mutual Fund,Income,Morgan Stanley Multi Asset Fund- Plan A - Direct Growth Plan
2013-10-28,11.3834,119208,Morgan Stanley Mutual Fund,Income,Morgan Stanley Multi Asset Fund- Plan A - Direct Growth Plan
2013-10-29,11.4535,119208,Morgan Stanley Mutual Fund,Income,Morgan Stanley Multi Asset Fund- Plan A - Direct Growth Plan
2013-10-30,11.4714,119208,Morgan Stanley Mutual Fund,Income,Morgan Stanley Multi Asset Fund- Plan A - Direct Growth Plan
2013-10-31,11.4534,119208,Morgan Stanley Mutual Fund,Income,Morgan Stanley Multi Asset Fund- Plan A - Direct Growth Plan
2013-11-01,11.4269,119208,Morgan Stanley Mutual Fund,Income,Morgan Stanley Multi Asset Fund- Plan A - Direct Growth Plan
2013-11-05,11.4015,119208,Morgan Stanley Mutual Fund,Income,Morgan Stanley Multi Asset Fund- Plan A - Direct Growth Plan
2013-11-06,11.3798,119208,Morgan Stanley Mutual Fund,Income,Morgan Stanley Multi Asset Fund- Plan A - Direct Growth Plan
2013-11-07,11.3593,119208,Morgan Stanley Mutual Fund,Income,Morgan Stanley Multi Asset Fund- Plan A - Direct Growth Plan
2013-11-08,11.2968,119208,Morgan Stanley Mutual Fund,Income,Morgan Stanley Multi Asset Fund- Plan A - Direct Growth Plan
2013-11-11,11.3149,119208,Morgan Stanley Mutual Fund,Income,Morgan Stanley Multi Asset Fund- Plan A - Direct Growth Plan
2013-11-12,11.2677,119208,Morgan Stanley Mutual Fund,Income,Morgan Stanley Multi Asset Fund- Plan A - Direct Growth Plan
2013-11-13,11.3202,119208,Morgan Stanley Mutual Fund,Income,Morgan Stanley Multi Asset Fund- Plan A - Direct Growth Plan
2013-11-14,11.2958,119208,Morgan Stanley Mutual Fund,Income,Morgan Stanley Multi Asset Fund- Plan A - Direct Growth Plan
2013-11-18,11.3321,119208,Morgan Stanley Mutual Fund,Income,Morgan Stanley Multi Asset Fund- Plan A - Direct Growth Plan
2013-11-19,11.3515,119208,Morgan Stanley Mutual Fund,Income,Morgan Stanley Multi Asset Fund- Plan A - Direct Growth Plan
2013-11-20,11.3367,119208,Morgan Stanley Mutual Fund,Income,Morgan Stanley Multi Asset Fund- Plan A - Direct Growth Plan
2013-11-21,11.3085,119208,Morgan Stanley Mutual Fund,Income,Morgan Stanley Multi Asset Fund- Plan A - Direct Growth Plan
2013-11-22,11.3092,119208,Morgan Stanley Mutual Fund,Income,Morgan Stanley Multi Asset Fund- Plan A - Direct Growth Plan
2013-11-25,11.326,119208,Morgan Stanley Mutual Fund,Income,Morgan Stanley Multi Asset Fund- Plan A - Direct Growth Plan
2013-11-26,11.3358,119208,Morgan Stanley Mutual Fund,Income,Morgan Stanley Multi Asset Fund- Plan A - Direct Growth Plan
2013-11-27,11.3519,119208,Morgan Stanley Mutual Fund,Income,Morgan Stanley Multi Asset Fund- Plan A - Direct Growth Plan
2013-11-28,11.3562,119208,Morgan Stanley Mutual Fund,Income,Morgan Stanley Multi Asset Fund- Plan A - Direct Growth Plan
2013-11-29,11.3551,119208,Morgan Stanley Mutual Fund,Income,Morgan Stanley Multi Asset Fund- Plan A - Direct Growth Plan
2013-12-02,11.3647,119208,Morgan Stanley Mutual Fund,Income,Morgan Stanley Multi Asset Fund- Plan A - Direct Growth Plan
2013-12-03,11.3521,119208,Morgan Stanley Mutual Fund,Income,Morgan Stanley Multi Asset Fund- Plan A - Direct Growth Plan
2013-12-04,11.3379,119208,Morgan Stanley Mutual Fund,Income,Morgan Stanley Multi Asset Fund- Plan A - Direct Growth Plan
2013-12-05,11.3469,119208,Morgan Stanley Mutual Fund,Income,Morgan Stanley Multi Asset Fund- Plan A - Direct Growth Plan
2013-12-06,11.3244,119208,Morgan Stanley Mutual Fund,Income,Morgan Stanley Multi Asset Fund- Plan A - Direct Growth Plan
2013-12-09,11.3177,119208,Morgan Stanley Mutual Fund,Income,Morgan Stanley Multi Asset Fund- Plan A - Direct Growth Plan
2013-12-10,11.3467,119208,Morgan Stanley Mutual Fund,Income,Morgan Stanley Multi Asset Fund- Plan A - Direct Growth Plan
2013-12-11,11.3376,119208,Morgan Stanley Mutual Fund,Income,Morgan Stanley Multi Asset Fund- Plan A - Direct Growth Plan
2013-12-12,11.3271,119208,Morgan Stanley Mutual Fund,Income,Morgan Stanley Multi Asset Fund- Plan A - Direct Growth Plan
2013-12-13,11.292,119208,Morgan Stanley Mutual Fund,Income,Morgan Stanley Multi Asset Fund- Plan A - Direct Growth Plan
2013-12-16,11.3167,119208,Morgan Stanley Mutual Fund,Income,Morgan Stanley Multi Asset Fund- Plan A - Direct Growth Plan
2013-12-17,11.3307,119208,Morgan Stanley Mutual Fund,Income,Morgan Stanley Multi Asset Fund- Plan A - Direct Growth Plan
2013-12-18,11.3947,119208,Morgan Stanley Mutual Fund,Income,Morgan Stanley Multi Asset Fund- Plan A - Direct Growth Plan
2013-12-19,11.4313,119208,Morgan Stanley Mutual Fund,Income,Morgan Stanley Multi Asset Fund- Plan A - Direct Growth Plan
2013-12-20,11.4361,119208,Morgan Stanley Mutual Fund,Income,Morgan Stanley Multi Asset Fund- Plan A - Direct Growth Plan
2013-12-23,11.4274,119208,Morgan Stanley Mutual Fund,Income,Morgan Stanley Multi Asset Fund- Plan A - Direct Growth Plan
2013-12-24,11.4131,119208,Morgan Stanley Mutual Fund,Income,Morgan Stanley Multi Asset Fund- Plan A - Direct Growth Plan
2013-12-26,11.4192,119208,Morgan Stanley Mutual Fund,Income,Morgan Stanley Multi Asset Fund- Plan A - Direct Growth Plan
2013-12-27,11.412,119208,Morgan Stanley Mutual Fund,Income,Morgan Stanley Multi Asset Fund- Plan A - Direct Growth Plan
2013-12-30,11.4421,119208,Morgan Stanley Mutual Fund,Income,Morgan Stanley Multi Asset Fund- Plan A - Direct Growth Plan
2013-12-31,11.4596,119208,Morgan Stanley Mutual Fund,Income,Morgan Stanley Multi Asset Fund- Plan A - Direct Growth Plan
2014-01-01,11.4485,119208,Morgan Stanley Mutual Fund,Income,Morgan Stanley Multi Asset Fund- Plan A - Direct Growth Plan
2014-01-02,11.4363,119208,Morgan Stanley Mutual Fund,Income,Morgan Stanley Multi Asset Fund- Plan A - Direct Growth Plan
2014-01-03,11.454,119208,Morgan Stanley Mutual Fund,Income,Morgan Stanley Multi Asset Fund- Plan A - Direct Growth Plan
2014-01-06,11.4705,119208,Morgan Stanley Mutual Fund,Income,Morgan Stanley Multi Asset Fund- Plan A - Direct Growth Plan
2014-01-07,11.4573,119208,Morgan Stanley Mutual Fund,Income,Morgan Stanley Multi Asset Fund- Plan A - Direct Growth Plan
2014-01-08,11.45,119208,Morgan Stanley Mutual Fund,Income,Morgan Stanley Multi Asset Fund- Plan A - Direct Growth Plan
2014-01-09,11.4622,119208,Morgan Stanley Mutual Fund,Income,Morgan Stanley Multi Asset Fund- Plan A - Direct Growth Plan
2014-01-10,11.4775,119208,Morgan Stanley Mutual Fund,Income,Morgan Stanley Multi Asset Fund- Plan A - Direct Growth Plan
2014-01-13,11.5371,119208,Morgan Stanley Mutual Fund,Income,Morgan Stanley Multi Asset Fund- Plan A - Direct Growth Plan
2014-01-15,11.5747,119208,Morgan Stanley Mutual Fund,Income,Morgan Stanley Multi Asset Fund- Plan A - Direct Growth Plan
2014-01-16,11.5803,119208,Morgan Stanley Mutual Fund,Income,Morgan Stanley Multi Asset Fund- Plan A - Direct Growth Plan
2014-01-17,11.5398,119208,Morgan Stanley Mutual Fund,Income,Morgan Stanley Multi Asset Fund- Plan A - Direct Growth Plan
2014-01-20,11.6082,119208,Morgan Stanley Mutual Fund,Income,Morgan Stanley Multi Asset Fund- Plan A - Direct Growth Plan
2014-01-21,11.5963,119208,Morgan Stanley Mutual Fund,Income,Morgan Stanley Multi Asset Fund- Plan A - Direct Growth Plan
2014-01-22,11.5916,119208,Morgan Stanley Mutual Fund,Income,Morgan Stanley Multi Asset Fund- Plan A - Direct Growth Plan
2014-01-23,11.5725,119208,Morgan Stanley Mutual Fund,Income,Morgan Stanley Multi Asset Fund- Plan A - Direct Growth Plan
2014-01-24,11.5242,119208,Morgan Stanley Mutual Fund,Income,Morgan Stanley Multi Asset Fund- Plan A - Direct Growth Plan
2014-01-27,11.4631,119208,Morgan Stanley Mutual Fund,Income,Morgan Stanley Multi Asset Fund- Plan A - Direct Growth Plan
2014-01-28,11.433,119208,Morgan Stanley Mutual Fund,Income,Morgan Stanley Multi Asset Fund- Plan A - Direct Growth Plan
2014-01-29,11.4384,119208,Morgan Stanley Mutual Fund,Income,Morgan Stanley Multi Asset Fund- Plan A - Direct Growth Plan
2014-01-30,11.3994,119208,Morgan Stanley Mutual Fund,Income,Morgan Stanley Multi Asset Fund- Plan A - Direct Growth Plan
2014-01-31,11.4167,119208,Morgan Stanley Mutual Fund,Income,Morgan Stanley Multi Asset Fund- Plan A - Direct Growth Plan
2014-02-03,11.4057,119208,Morgan Stanley Mutual Fund,Income,Morgan Stanley Multi Asset Fund- Plan A - Direct Growth Plan
2014-02-04,11.4291,119208,Morgan Stanley Mutual Fund,Income,Morgan Stanley Multi Asset Fund- Plan A - Direct Growth Plan
2014-02-05,11.4306,119208,Morgan Stanley Mutual Fund,Income,Morgan Stanley Multi Asset Fund- Plan A - Direct Growth Plan
2014-02-06,11.4259,119208,Morgan Stanley Mutual Fund,Income,Morgan Stanley Multi Asset Fund- Plan A - Direct Growth Plan
2014-02-07,11.4336,119208,Morgan Stanley Mutual Fund,Income,Morgan Stanley Multi Asset Fund- Plan A - Direct Growth Plan
2014-02-10,11.4448,119208,Morgan Stanley Mutual Fund,Income,Morgan Stanley Multi Asset Fund- Plan A - Direct Growth Plan
2014-02-11,11.4211,119208,Morgan Stanley Mutual Fund,Income,Morgan Stanley Multi Asset Fund- Plan A - Direct Growth Plan
2014-02-12,11.4065,119208,Morgan Stanley Mutual Fund,Income,Morgan Stanley Multi Asset Fund- Plan A - Direct Growth Plan
2014-02-13,11.3762,119208,Morgan Stanley Mutual Fund,Income,Morgan Stanley Multi Asset Fund- Plan A - Direct Growth Plan
2014-02-14,11.4043,119208,Morgan Stanley Mutual Fund,Income,Morgan Stanley Multi Asset Fund- Plan A - Direct Growth Plan
2014-02-17,11.4203,119208,Morgan Stanley Mutual Fund,Income,Morgan Stanley Multi Asset Fund- Plan A - Direct Growth Plan
2014-02-18,11.4497,119208,Morgan Stanley Mutual Fund,Income,Morgan Stanley Multi Asset Fund- Plan A - Direct Growth Plan
2014-02-20,11.4445,119208,Morgan Stanley Mutual Fund,Income,Morgan Stanley Multi Asset Fund- Plan A - Direct Growth Plan
2014-02-21,11.4542,119208,Morgan Stanley Mutual Fund,Income,Morgan Stanley Multi Asset Fund- Plan A - Direct Growth Plan
2014-02-24,11.4565,119208,Morgan Stanley Mutual Fund,Income,Morgan Stanley Multi Asset Fund- Plan A - Direct Growth Plan
2014-02-25,11.4551,119208,Morgan Stanley Mutual Fund,Income,Morgan Stanley Multi Asset Fund- Plan A - Direct Growth Plan
2014-02-26,11.4549,119208,Morgan Stanley Mutual Fund,Income,Morgan Stanley Multi Asset Fund- Plan A - Direct Growth Plan
2014-02-28,11.4917,119208,Morgan Stanley Mutual Fund,Income,Morgan Stanley Multi Asset Fund- Plan A - Direct Growth Plan
2014-03-03,11.4665,119208,Morgan Stanley Mutual Fund,Income,Morgan Stanley Multi Asset Fund- Plan A - Direct Growth Plan
2014-03-04,11.5131,119208,Morgan Stanley Mutual Fund,Income,Morgan Stanley Multi Asset Fund- Plan A - Direct Growth Plan
2014-03-05,11.5262,119208,Morgan Stanley Mutual Fund,Income,Morgan Stanley Multi Asset Fund- Plan A - Direct Growth Plan
2014-03-06,11.5707,119208,Morgan Stanley Mutual Fund,Income,Morgan Stanley Multi Asset Fund- Plan A - Direct Growth Plan
2014-03-07,11.6122,119208,Morgan Stanley Mutual Fund,Income,Morgan Stanley Multi Asset Fund- Plan A - Direct Growth Plan
2014-03-10,11.6476,119208,Morgan Stanley Mutual Fund,Income,Morgan Stanley Multi Asset Fund- Plan A - Direct Growth Plan
2014-03-11,11.6463,119208,Morgan Stanley Mutual Fund,Income,Morgan Stanley Multi Asset Fund- Plan A - Direct Growth Plan
2014-03-12,11.6556,119208,Morgan Stanley Mutual Fund,Income,Morgan Stanley Multi Asset Fund- Plan A - Direct Growth Plan
2014-03-13,11.6402,119208,Morgan Stanley Mutual Fund,Income,Morgan Stanley Multi Asset Fund- Plan A - Direct Growth Plan
2014-03-14,11.6257,119208,Morgan Stanley Mutual Fund,Income,Morgan Stanley Multi Asset Fund- Plan A - Direct Growth Plan
2014-03-18,11.6413,119208,Morgan Stanley Mutual Fund,Income,Morgan Stanley Multi Asset Fund- Plan A - Direct Growth Plan
2014-03-19,11.6395,119208,Morgan Stanley Mutual Fund,Income,Morgan Stanley Multi Asset Fund- Plan A - Direct Growth Plan
2014-03-20,11.6275,119208,Morgan Stanley Mutual Fund,Income,Morgan Stanley Multi Asset Fund- Plan A - Direct Growth Plan
2014-03-21,11.6362,119208,Morgan Stanley Mutual Fund,Income,Morgan Stanley Multi Asset Fund- Plan A - Direct Growth Plan
2014-03-24,11.6779,119208,Morgan Stanley Mutual Fund,Income,Morgan Stanley Multi Asset Fund- Plan A - Direct Growth Plan
2014-03-25,11.6941,119208,Morgan Stanley Mutual Fund,Income,Morgan Stanley Multi Asset Fund- Plan A - Direct Growth Plan
2014-03-26,11.7287,119208,Morgan Stanley Mutual Fund,Income,Morgan Stanley Multi Asset Fund- Plan A - Direct Growth Plan
2014-03-27,11.7536,119208,Morgan Stanley Mutual Fund,Income,Morgan Stanley Multi Asset Fund- Plan A - Direct Growth Plan
2014-03-28,11.7858,119208,Morgan Stanley Mutual Fund,Income,Morgan Stanley Multi Asset Fund- Plan A - Direct Growth Plan
2014-04-02,11.7709,119208,Morgan Stanley Mutual Fund,Income,Morgan Stanley Multi Asset Fund- Plan A - Direct Growth Plan
2014-04-03,11.7578,119208,Morgan Stanley Mutual Fund,Income,Morgan Stanley Multi Asset Fund- Plan A - Direct Growth Plan
2014-04-04,11.7382,119208,Morgan Stanley Mutual Fund,Income,Morgan Stanley Multi Asset Fund- Plan A - Direct Growth Plan
2014-04-07,11.725,119208,Morgan Stanley Mutual Fund,Income,Morgan Stanley Multi Asset Fund- Plan A - Direct Growth Plan
2014-04-09,11.7658,119208,Morgan Stanley Mutual Fund,Income,Morgan Stanley Multi Asset Fund- Plan A - Direct Growth Plan
2014-04-10,11.7644,119208,Morgan Stanley Mutual Fund,Income,Morgan Stanley Multi Asset Fund- Plan A - Direct Growth Plan
2014-04-11,11.7691,119208,Morgan Stanley Mutual Fund,Income,Morgan Stanley Multi Asset Fund- Plan A - Direct Growth Plan
2014-04-15,11.7661,119208,Morgan Stanley Mutual Fund,Income,Morgan Stanley Multi Asset Fund- Plan A - Direct Growth Plan
2014-04-16,11.7444,119208,Morgan Stanley Mutual Fund,Income,Morgan Stanley Multi Asset Fund- Plan A - Direct Growth Plan
2014-04-17,11.7912,119208,Morgan Stanley Mutual Fund,Income,Morgan Stanley Multi Asset Fund- Plan A - Direct Growth Plan
2014-04-21,11.814,119208,Morgan Stanley Mutual Fund,Income,Morgan Stanley Multi Asset Fund- Plan A - Direct Growth Plan
2014-04-22,11.8314,119208,Morgan Stanley Mutual Fund,Income,Morgan Stanley Multi Asset Fund- Plan A - Direct Growth Plan
2014-04-23,11.8395,119208,Morgan Stanley Mutual Fund,Income,Morgan Stanley Multi Asset Fund- Plan A - Direct Growth Plan
2014-04-25,11.816,119208,Morgan Stanley Mutual Fund,Income,Morgan Stanley Multi Asset Fund- Plan A - Direct Growth Plan
2014-04-28,11.8187,119208,Morgan Stanley Mutual Fund,Income,Morgan Stanley Multi Asset Fund- Plan A - Direct Growth Plan
2014-04-29,11.8179,119208,Morgan Stanley Mutual Fund,Income,Morgan Stanley Multi Asset Fund- Plan A - Direct Growth Plan
2014-04-30,11.826,119208,Morgan Stanley Mutual Fund,Income,Morgan Stanley Multi Asset Fund- Plan A - Direct Growth Plan
2014-05-02,11.8468,119208,Morgan Stanley Mutual Fund,Income,Morgan Stanley Multi Asset Fund- Plan A - Direct Growth Plan
2014-05-05,11.8694,119208,Morgan Stanley Mutual Fund,Income,Morgan Stanley Multi Asset Fund- Plan A - Direct Growth Plan
2014-05-06,11.8677,119208,Morgan Stanley Mutual Fund,Income,Morgan Stanley Multi Asset Fund- Plan A - Direct Growth Plan
2014-05-07,11.8438,119208,Morgan Stanley Mutual Fund,Income,Morgan Stanley Multi Asset Fund- Plan A - Direct Growth Plan
2014-05-08,11.8539,119208,Morgan Stanley Mutual Fund,Income,Morgan Stanley Multi Asset Fund- Plan A - Direct Growth Plan
2014-05-09,11.9303,119208,Morgan Stanley Mutual Fund,Income,Morgan Stanley Multi Asset Fund- Plan A - Direct Growth Plan
2014-05-12,11.9779,119208,Morgan Stanley Mutual Fund,Income,Morgan Stanley Multi Asset Fund- Plan A - Direct Growth Plan
2014-05-13,12.0187,119208,Morgan Stanley Mutual Fund,Income,Morgan Stanley Multi Asset Fund- Plan A - Direct Growth Plan
2014-05-15,12.0355,119208,Morgan Stanley Mutual Fund,Income,Morgan Stanley Multi Asset Fund- Plan A - Direct Growth Plan
2014-05-16,12.0695,119208,Morgan Stanley Mutual Fund,Income,Morgan Stanley Multi Asset Fund- Plan A - Direct Growth Plan
2014-05-19,12.1021,119208,Morgan Stanley Mutual Fund,Income,Morgan Stanley Multi Asset Fund- Plan A - Direct Growth Plan
2014-05-20,12.102,119208,Morgan Stanley Mutual Fund,Income,Morgan Stanley Multi Asset Fund- Plan A - Direct Growth Plan
2014-05-21,12.1048,119208,Morgan Stanley Mutual Fund,Income,Morgan Stanley Multi Asset Fund- Plan A - Direct Growth Plan
2014-05-22,12.1291,119208,Morgan Stanley Mutual Fund,Income,Morgan Stanley Multi Asset Fund- Plan A - Direct Growth Plan
2014-05-23,12.173,119208,Morgan Stanley Mutual Fund,Income,Morgan Stanley Multi Asset Fund- Plan A - Direct Growth Plan
2014-05-26,12.1545,119208,Morgan Stanley Mutual Fund,Income,Morgan Stanley Multi Asset Fund- Plan A - Direct Growth Plan
2014-05-27,12.1441,119208,Morgan Stanley Mutual Fund,Income,Morgan Stanley Multi Asset Fund- Plan A - Direct Growth Plan
2014-05-28,12.1542,119208,Morgan Stanley Mutual Fund,Income,Morgan Stanley Multi Asset Fund- Plan A - Direct Growth Plan
2014-05-29,12.1286,119208,Morgan Stanley Mutual Fund,Income,Morgan Stanley Multi Asset Fund- Plan A - Direct Growth Plan
2014-05-30,12.1234,119208,Morgan Stanley Mutual Fund,Income,Morgan Stanley Multi Asset Fund- Plan A - Direct Growth Plan
2014-06-02,12.1766,119208,Morgan Stanley Mutual Fund,Income,Morgan Stanley Multi Asset Fund- Plan A - Direct Growth Plan
2014-06-03,12.2168,119208,Morgan Stanley Mutual Fund,Income,Morgan Stanley Multi Asset Fund- Plan A - Direct Growth Plan
2014-06-04,12.2317,119208,Morgan Stanley Mutual Fund,Income,Morgan Stanley Multi Asset Fund- Plan A - Direct Growth Plan
2014-06-05,12.272,119208,Morgan Stanley Mutual Fund,Income,Morgan Stanley Multi Asset Fund- Plan A - Direct Growth Plan
2014-06-06,12.3411,119208,Morgan Stanley Mutual Fund,Income,Morgan Stanley Multi Asset Fund- Plan A - Direct Growth Plan
2014-06-09,12.3432,119208,Morgan Stanley Mutual Fund,Income,Morgan Stanley Multi Asset Fund- Plan A - Direct Growth Plan
2014-06-10,12.3285,119208,Morgan Stanley Mutual Fund,Income,Morgan Stanley Multi Asset Fund- Plan A - Direct Growth Plan
2014-06-11,12.3294,119208,Morgan Stanley Mutual Fund,Income,Morgan Stanley Multi Asset Fund- Plan A - Direct Growth Plan
2014-06-12,12.3387,119208,Morgan Stanley Mutual Fund,Income,Morgan Stanley Multi Asset Fund- Plan A - Direct Growth Plan
2014-06-13,12.282,119208,Morgan Stanley Mutual Fund,Income,Morgan Stanley Multi Asset Fund- Plan A - Direct Growth Plan
2014-06-16,12.2779,119208,Morgan Stanley Mutual Fund,Income,Morgan Stanley Multi Asset Fund- Plan A - Direct Growth Plan
2014-06-17,12.3306,119208,Morgan Stanley Mutual Fund,Income,Morgan Stanley Multi Asset Fund- Plan A - Direct Growth Plan
2014-06-18,12.3043,119208,Morgan Stanley Mutual Fund,Income,Morgan Stanley Multi Asset Fund- Plan A - Direct Growth Plan
2014-06-19,12.2882,119208,Morgan Stanley Mutual Fund,Income,Morgan Stanley Multi Asset Fund- Plan A - Direct Growth Plan
2014-06-20,12.2799,119208,Morgan Stanley Mutual Fund,Income,Morgan Stanley Multi Asset Fund- Plan A - Direct Growth Plan
2014-06-23,12.2947,119208,Morgan Stanley Mutual Fund,Income,Morgan Stanley Multi Asset Fund- Plan A - Direct Growth Plan
2014-06-24,12.3352,119208,Morgan Stanley Mutual Fund,Income,Morgan Stanley Multi Asset Fund- Plan A - Direct Growth Plan
2014-06-25,12.3355,119208,Morgan Stanley Mutual Fund,Income,Morgan Stanley Multi Asset Fund- Plan A - Direct Growth Plan
2014-06-26,12.3074,119208,Morgan Stanley Mutual Fund,Income,Morgan Stanley Multi Asset Fund- Plan A - Direct Growth Plan
